<graph id="Graph">
  <version>1.0</version>
  <node id="Read">
    <operator>Read</operator>
    <sources/>
    <parameters class="com.bc.ceres.binding.dom.XppDomElement">
      <file>${inputdata}</file>
    </parameters>
  </node>
  <node id="Calibration">
    <operator>Calibration</operator>
    <sources>
      <sourceProduct refid="Read"/>
    </sources>
    <parameters class="com.bc.ceres.binding.dom.XppDomElement">
      <sourceBands/>
      <auxFile>Latest Auxiliary File</auxFile>
      <externalAuxFile/>
      <outputImageInComplex>true</outputImageInComplex>
      <outputImageScaleInDb>false</outputImageScaleInDb>
      <createGammaBand>false</createGammaBand>
      <createBetaBand>false</createBetaBand>
      <selectedPolarisations/>
      <outputSigmaBand>true</outputSigmaBand>
      <outputGammaBand>false</outputGammaBand>
      <outputBetaBand>false</outputBetaBand>
    </parameters>
  </node>
  <node id="TOPSAR-Deburst">
    <operator>TOPSAR-Deburst</operator>
    <sources>
      <sourceProduct refid="Calibration"/>
    </sources>
    <parameters class="com.bc.ceres.binding.dom.XppDomElement">
      <selectedPolarisations/>
    </parameters>
  </node>
  <node id="Multilook">
    <operator>Multilook</operator>
    <sources>
      <sourceProduct refid="TOPSAR-Deburst"/>
    </sources>
    <parameters class="com.bc.ceres.binding.dom.XppDomElement">
      <sourceBands/>
      <nRgLooks>6</nRgLooks>
      <nAzLooks>2</nAzLooks>
      <outputIntensity>true</outputIntensity>
      <grSquarePixel>true</grSquarePixel>
    </parameters>
  </node>
  <node id="Speckle-Filter">
    <operator>Speckle-Filter</operator>
    <sources>
      <sourceProduct refid="Multilook"/>
    </sources>
    <parameters class="com.bc.ceres.binding.dom.XppDomElement">
      <sourceBands/>
      <filter>Lee Sigma</filter>
      <filterSizeX>3</filterSizeX>
      <filterSizeY>3</filterSizeY>
      <dampingFactor>2</dampingFactor>
      <estimateENL>true</estimateENL>
      <enl>1.0</enl>
      <numLooksStr>1</numLooksStr>
      <windowSize>7x7</windowSize>
      <targetWindowSizeStr>3x3</targetWindowSizeStr>
      <sigmaStr>0.9</sigmaStr>
      <anSize>50</anSize>
    </parameters>
  </node>
  <node id="Terrain-Correction">
    <operator>Terrain-Correction</operator>
    <sources>
      <sourceProduct refid="Speckle-Filter"/>
    </sources>
    <parameters class="com.bc.ceres.binding.dom.XppDomElement">
      <sourceBands/>
      <demName>CDEM</demName>
      <externalDEMFile/>
      <externalDEMNoDataValue>0.0</externalDEMNoDataValue>
      <externalDEMApplyEGM>true</externalDEMApplyEGM>
      <demResamplingMethod>BILINEAR_INTERPOLATION</demResamplingMethod>
      <imgResamplingMethod>BILINEAR_INTERPOLATION</imgResamplingMethod>
      <pixelSpacingInMeter>27.74</pixelSpacingInMeter>
      <pixelSpacingInDegree>2.4919265981475526E-4</pixelSpacingInDegree>
      <mapProjection>GEOGCS[&quot;WGS84(DD)&quot;, &#xd;
  DATUM[&quot;WGS84&quot;, &#xd;
    SPHEROID[&quot;WGS84&quot;, 6378137.0, 298.257223563]], &#xd;
  PRIMEM[&quot;Greenwich&quot;, 0.0], &#xd;
  UNIT[&quot;degree&quot;, 0.017453292519943295], &#xd;
  AXIS[&quot;Geodetic longitude&quot;, EAST], &#xd;
  AXIS[&quot;Geodetic latitude&quot;, NORTH]]</mapProjection>
      <alignToStandardGrid>false</alignToStandardGrid>
      <standardGridOriginX>0.0</standardGridOriginX>
      <standardGridOriginY>0.0</standardGridOriginY>
      <nodataValueAtSea>true</nodataValueAtSea>
      <saveDEM>false</saveDEM>
      <saveLatLon>false</saveLatLon>
      <saveIncidenceAngleFromEllipsoid>false</saveIncidenceAngleFromEllipsoid>
      <saveLocalIncidenceAngle>false</saveLocalIncidenceAngle>
      <saveProjectedLocalIncidenceAngle>false</saveProjectedLocalIncidenceAngle>
      <saveSelectedSourceBand>true</saveSelectedSourceBand>
      <outputComplex>false</outputComplex>
      <applyRadiometricNormalization>false</applyRadiometricNormalization>
      <saveSigmaNought>false</saveSigmaNought>
      <saveGammaNought>false</saveGammaNought>
      <saveBetaNought>false</saveBetaNought>
      <incidenceAngleForSigma0>Use projected local incidence angle from DEM</incidenceAngleForSigma0>
      <incidenceAngleForGamma0>Use projected local incidence angle from DEM</incidenceAngleForGamma0>
      <auxFile>Latest Auxiliary File</auxFile>
      <externalAuxFile/>
    </parameters>
  </node>
  <node id="Write">
    <operator>Write</operator>
    <sources>
      <sourceProduct refid="Terrain-Correction"/>
    </sources>
    <parameters class="com.bc.ceres.binding.dom.XppDomElement">
      <file>${outputdata}</file>
      <formatName>GeoTIFF</formatName>
    </parameters>
  </node>
  <applicationData id="Presentation">
    <Description/>
    <node id="Read">
            <displayPosition x="63.0" y="258.0"/>
    </node>
    <node id="Calibration">
      <displayPosition x="60.0" y="155.0"/>
    </node>
    <node id="TOPSAR-Deburst">
      <displayPosition x="41.0" y="43.0"/>
    </node>
    <node id="Multilook">
      <displayPosition x="251.0" y="42.0"/>
    </node>
    <node id="Speckle-Filter">
      <displayPosition x="413.0" y="43.0"/>
    </node>
    <node id="Terrain-Correction">
      <displayPosition x="402.0" y="139.0"/>
    </node>
    <node id="Write">
            <displayPosition x="428.0" y="251.0"/>
    </node>
  </applicationData>
</graph>
